date,mxn
7/1/2015,15.77486
7/2/2015,15.66995
7/3/2015,15.71566
7/6/2015,15.7205
7/7/2015,15.80537
7/8/2015,15.84012
7/9/2015,15.80321
7/10/2015,15.70048
7/13/2015,15.7323
7/14/2015,15.661
7/15/2015,15.796
7/16/2015,15.82575
7/17/2015,15.92083
7/20/2015,16.002399
7/21/2015,16.0112
7/22/2015,16.107
7/23/2015,16.20598
7/24/2015,16.264
7/27/2015,16.292999
7/28/2015,16.27902
7/29/2015,16.282681
7/30/2015,16.259911
7/31/2015,16.10494
8/3/2015,16.176559
8/4/2015,16.291321
8/5/2015,16.359909
8/6/2015,16.319889
8/7/2015,16.150999
8/10/2015,16.17065
8/11/2015,16.307249
8/12/2015,16.25066
8/13/2015,16.39896
8/14/2015,16.364241
8/17/2015,16.431141
8/18/2015,16.417
8/19/2015,16.598
8/20/2015,16.78825
8/21/2015,16.979879
8/24/2015,17.16433
8/25/2015,17.27458
8/26/2015,17.02919
8/27/2015,16.872419
8/28/2015,16.74732
8/31/2015,16.74478
9/1/2015,16.954
9/2/2015,16.858629
9/3/2015,16.80224
9/4/2015,16.93214
9/7/2015,16.964951
9/8/2015,16.82202
9/9/2015,16.95454
9/10/2015,16.750851
9/11/2015,16.82831
9/14/2015,16.719999
9/15/2015,16.694151
9/16/2015,16.533091
9/17/2015,16.589649
9/18/2015,16.645229
9/21/2015,16.650419
9/22/2015,16.899
9/23/2015,17.11268
9/24/2015,16.86685
9/25/2015,16.962219
9/28/2015,17.08234
9/29/2015,17.010139
9/30/2015,16.913639
10/1/2015,16.905821
10/2/2015,16.745279
10/5/2015,16.766859
10/6/2015,16.64521
10/7/2015,16.638
10/8/2015,16.457649
10/9/2015,16.40884
10/12/2015,16.463051
10/13/2015,16.64212
10/14/2015,16.43244
10/15/2015,16.380211
10/16/2015,16.40176
10/19/2015,16.475771
10/20/2015,16.56422
10/21/2015,16.65
10/22/2015,16.51013
10/23/2015,16.572109
10/26/2015,16.519501
10/27/2015,16.54855
10/28/2015,16.637791
10/29/2015,16.618311
10/30/2015,16.479151
11/2/2015,16.43948
11/3/2015,16.3948
11/4/2015,16.551649
11/5/2015,16.59663
11/6/2015,16.77989
11/9/2015,16.75951
11/10/2015,16.755051
11/11/2015,16.723
11/12/2015,16.743999
11/13/2015,16.672501
11/16/2015,16.76545
11/17/2015,16.716749
11/18/2015,16.725071
11/19/2015,16.630301
11/20/2015,16.517799
11/23/2015,16.553579
11/24/2015,16.52355
11/25/2015,16.50304
11/26/2015,16.56255
11/27/2015,16.61804
11/30/2015,16.5632
12/1/2015,16.516251
12/2/2015,16.56076
12/3/2015,16.70207
12/4/2015,16.627291
12/7/2015,16.884001
12/8/2015,17.011
12/9/2015,17.084579
12/10/2015,17.20405
12/11/2015,17.38517
12/14/2015,17.308001
12/15/2015,17.10557
12/16/2015,16.998949
12/17/2015,17.038441
12/18/2015,17.113239
12/21/2015,17.143999
12/22/2015,17.190571
12/23/2015,17.21991
12/24/2015,17.22304
12/25/2015,17.22304
12/28/2015,17.219049
12/29/2015,17.25555
12/30/2015,17.375549
12/31/2015,17.26976
1/1/2016,17.26976
1/4/2016,17.288179
1/5/2016,17.32546
1/6/2016,17.5289
1/7/2016,17.82679
1/8/2016,17.926229
1/11/2016,17.8911
1/12/2016,17.902149
1/13/2016,17.945999
1/14/2016,17.851
1/15/2016,18.248461
1/18/2016,18.193689
1/19/2016,18.253969
1/20/2016,18.475
1/21/2016,18.709
1/22/2016,18.438681
1/25/2016,18.614
1/26/2016,18.4485
1/27/2016,18.452999
1/28/2016,18.34351
1/29/2016,18.10545
2/1/2016,18.24168
2/2/2016,18.483049
2/3/2016,18.19507
2/4/2016,18.26614
2/5/2016,18.446329
2/8/2016,18.650261
2/9/2016,18.78923
2/10/2016,18.916
2/11/2016,19.140539
2/12/2016,18.90324
2/15/2016,18.85099
2/16/2016,18.878599
2/17/2016,18.33359
2/18/2016,18.296009
2/19/2016,18.213751
2/22/2016,18.081711
2/23/2016,18.206249
2/24/2016,18.17828
2/25/2016,18.128
2/26/2016,18.27659
2/29/2016,18.138411
3/1/2016,17.90394
3/2/2016,17.84824
3/3/2016,17.93775
3/4/2016,17.75905
3/7/2016,17.740351
3/8/2016,17.920719
3/9/2016,17.740999
3/10/2016,17.84071
3/11/2016,17.69672
3/14/2016,17.743999
3/15/2016,17.886311
3/16/2016,17.614321
3/17/2016,17.33935
3/18/2016,17.389259
3/21/2016,17.41894
3/22/2016,17.34647
3/23/2016,17.576241
3/24/2016,17.589041
3/25/2016,17.52343
3/28/2016,17.43358
3/29/2016,17.32534
3/30/2016,17.2654
3/31/2016,17.262911
4/1/2016,17.32902
4/4/2016,17.49744
4/5/2016,17.681021
4/6/2016,17.625429
4/7/2016,17.88015
4/8/2016,17.76787
4/11/2016,17.65062
4/12/2016,17.475149
4/13/2016,17.424999
4/14/2016,17.43165
4/15/2016,17.54561
4/18/2016,17.409189
4/19/2016,17.335831
4/20/2016,17.25485
4/21/2016,17.45215
4/22/2016,17.463409
4/25/2016,17.565001
4/26/2016,17.375839
4/27/2016,17.2929
4/28/2016,17.257509
4/29/2016,17.17201
5/2/2016,17.203199
5/3/2016,17.599751
5/4/2016,17.77084
5/5/2016,17.874399
5/6/2016,17.848049
5/9/2016,18.19006
5/10/2016,17.983351
5/11/2016,17.988239
5/12/2016,17.96217
5/13/2016,18.15748
5/16/2016,18.30652
5/17/2016,18.29318
5/18/2016,18.427919
5/19/2016,18.41539
5/20/2016,18.332529
5/23/2016,18.52161
5/24/2016,18.466471
5/25/2016,18.4923
5/26/2016,18.43998
5/27/2016,18.44809
5/30/2016,18.478251
5/31/2016,18.465401
6/1/2016,18.50219
6/2/2016,18.670349
6/3/2016,18.593691
6/6/2016,18.675579
6/7/2016,18.386021
6/8/2016,18.11755
6/9/2016,18.250549
6/10/2016,18.62908
6/13/2016,18.83597
6/14/2016,18.9207
6/15/2016,18.89682
6/16/2016,18.907471
6/17/2016,18.838909
6/20/2016,18.63069
6/21/2016,18.63245
6/22/2016,18.40464
6/23/2016,18.433901
6/24/2016,18.897421
6/27/2016,19.11046
6/28/2016,18.80818
6/29/2016,18.51009
6/30/2016,18.32295
7/1/2016,18.34774
7/4/2016,18.43112
7/5/2016,18.8235
7/6/2016,18.747471
7/7/2016,18.810749
7/8/2016,18.505289
7/11/2016,18.46422
7/12/2016,18.3326
7/13/2016,18.37775
7/14/2016,18.366051
7/15/2016,18.598049
7/18/2016,18.38158
7/19/2016,18.490049
7/20/2016,18.67205
7/21/2016,18.56431
7/22/2016,18.54122
7/25/2016,18.77339
7/26/2016,18.75145
7/27/2016,18.822201
7/28/2016,18.891821
7/29/2016,18.747049
8/1/2016,18.85985
8/2/2016,18.93358
8/3/2016,18.88295
8/4/2016,18.89806
8/5/2016,18.751511
8/8/2016,18.54965
8/9/2016,18.43685
8/10/2016,18.408739
8/11/2016,18.232
8/12/2016,18.25927
8/15/2016,18.077841
8/16/2016,18.056
8/17/2016,18.108601
8/18/2016,18.17207
8/19/2016,18.215
8/22/2016,18.298519
8/23/2016,18.526649
8/24/2016,18.4657
8/25/2016,18.35968
8/26/2016,18.588221
8/29/2016,18.633089
8/30/2016,18.7945
8/31/2016,18.794201
9/1/2016,18.742689
9/2/2016,18.579201
9/5/2016,18.587601
9/6/2016,18.260201
9/7/2016,18.390551
9/8/2016,18.661699
9/9/2016,18.89587
9/12/2016,18.81966
9/13/2016,19.109671
9/14/2016,19.281349
9/15/2016,19.3498
9/16/2016,19.61068
9/19/2016,19.66625
9/20/2016,19.83132
9/21/2016,19.72068
9/22/2016,19.62435
9/23/2016,19.78194
9/26/2016,19.87772
9/27/2016,19.371901
9/28/2016,19.3414
9/29/2016,19.544291
9/30/2016,19.368931
10/3/2016,19.29631
10/4/2016,19.31329
10/5/2016,19.208799
10/6/2016,19.2281
10/7/2016,19.29141
10/10/2016,18.908649
10/11/2016,18.874849
10/12/2016,18.937851
10/13/2016,18.95192
10/14/2016,19.00231
10/17/2016,18.85338
10/18/2016,18.59973
10/19/2016,18.520149
10/20/2016,18.5902
10/21/2016,18.584629
10/24/2016,18.544661
10/25/2016,18.52894
10/26/2016,18.69264
10/27/2016,18.82313
10/28/2016,18.9657
10/31/2016,18.862
11/1/2016,19.1724
11/2/2016,19.341141
11/3/2016,19.145901
11/4/2016,19.01053
11/7/2016,18.54986
11/8/2016,18.3006
11/9/2016,19.88341
11/10/2016,20.50701
11/11/2016,20.736839
11/14/2016,20.71982
11/15/2016,20.30665
11/16/2016,20.206751
11/17/2016,20.4135
11/18/2016,20.61997
11/21/2016,20.439171
11/22/2016,20.601311
11/23/2016,20.6408
11/24/2016,20.7033
11/25/2016,20.6735
11/28/2016,20.612289
11/29/2016,20.62455
11/30/2016,20.562149
12/1/2016,20.75985
12/2/2016,20.60601
12/5/2016,20.565001
12/6/2016,20.391899
12/7/2016,20.325291
12/8/2016,20.30275
12/9/2016,20.373631
12/12/2016,20.1936
12/13/2016,20.26795
12/14/2016,20.47847
12/15/2016,20.33165
12/16/2016,20.40959
12/19/2016,20.3622
12/20/2016,20.44738
12/21/2016,20.55761
12/22/2016,20.746639
12/23/2016,20.643419
12/26/2016,20.624901
12/27/2016,20.75935
12/28/2016,20.70509
12/29/2016,20.702
12/30/2016,20.71804
1/2/2017,20.740511
1/3/2017,21.12022
1/4/2017,21.47965
1/5/2017,21.385469
1/6/2017,21.21653
1/9/2017,21.3591
1/10/2017,21.81213
1/11/2017,21.90465
1/12/2017,21.772051
1/13/2017,21.470289
1/16/2017,21.677219
1/17/2017,21.51132
1/18/2017,21.90917
1/19/2017,21.921989
1/20/2017,21.576651
1/23/2017,21.325199
1/24/2017,21.506701
1/25/2017,21.0553
1/26/2017,21.21216
1/27/2017,20.859529
1/30/2017,20.76749
1/31/2017,20.805099
2/1/2017,20.71018
2/2/2017,20.528271
2/3/2017,20.33626
2/6/2017,20.54472
2/7/2017,20.608879
2/8/2017,20.51235
2/9/2017,20.361589
2/10/2017,20.32498
2/13/2017,20.275999
2/14/2017,20.27314
2/15/2017,20.286551
2/16/2017,20.397449
2/17/2017,20.412491
2/20/2017,20.35701
2/21/2017,19.99926
2/22/2017,19.889799
2/23/2017,19.67976
2/24/2017,19.91078
2/27/2017,19.8972
2/28/2017,20.1101
3/1/2017,19.85146
3/2/2017,20.003349
3/3/2017,19.50329
3/6/2017,19.60214
3/7/2017,19.479679
3/8/2017,19.678591
3/9/2017,19.828079
3/10/2017,19.594101
3/13/2017,19.62001
3/14/2017,19.6539
3/15/2017,19.232201
3/16/2017,19.2344
3/17/2017,19.075991
3/20/2017,19.00639
3/21/2017,19.094801
3/22/2017,19.015909
3/23/2017,18.942511
3/24/2017,18.74823
3/27/2017,18.873449
3/28/2017,18.98951
3/29/2017,18.706499
3/30/2017,18.726231
3/31/2017,18.691589
4/3/2017,18.697901
4/4/2017,18.814791
4/5/2017,18.799801
4/6/2017,18.742901
4/7/2017,18.651979
4/10/2017,18.689831
4/11/2017,18.753599
4/12/2017,18.55456
4/13/2017,18.566719
4/14/2017,18.49655
4/17/2017,18.499559
4/18/2017,18.58403
4/19/2017,18.8589
4/20/2017,18.81171
4/21/2017,18.797001
4/24/2017,18.813101
4/25/2017,18.866249
4/26/2017,19.16316
4/27/2017,19.055901
4/28/2017,18.809139
5/1/2017,18.72855
5/2/2017,18.75318
5/3/2017,18.8277
5/4/2017,19.041
5/5/2017,18.946671
5/8/2017,19.191851
5/9/2017,19.1675
5/10/2017,19.025881
5/11/2017,18.814699
5/12/2017,18.782009
5/15/2017,18.6861
5/16/2017,18.6805
5/17/2017,18.941971
5/18/2017,18.837681
5/19/2017,18.708191
5/22/2017,18.70463
5/23/2017,18.64859
5/24/2017,18.438511
5/25/2017,18.49165
5/26/2017,18.4835
5/29/2017,18.4701
5/30/2017,18.718769
5/31/2017,18.635349
6/1/2017,18.645149
6/2/2017,18.665991
6/5/2017,18.332001
6/6/2017,18.25329
6/7/2017,18.253269
6/8/2017,18.21513
6/9/2017,18.161501
6/12/2017,18.12558
6/13/2017,18.056339
6/14/2017,17.94199
6/15/2017,18.03104
6/16/2017,17.898979
6/19/2017,17.978149
6/20/2017,18.207899
6/21/2017,18.23369
6/22/2017,18.1108
6/23/2017,17.993271
6/26/2017,17.9002
6/27/2017,17.960899
6/28/2017,17.83069
6/29/2017,18.027201
6/30/2017,18.113859
7/3/2017,18.180651
7/4/2017,18.21405
7/5/2017,18.30842
7/6/2017,18.272961
7/7/2017,18.07098
7/10/2017,17.937651
7/11/2017,17.915991
7/12/2017,17.771049
7/13/2017,17.688801
7/14/2017,17.5546
7/17/2017,17.577299
7/18/2017,17.49135
7/19/2017,17.57143
7/20/2017,17.489929
7/21/2017,17.63681
7/24/2017,17.7265
7/25/2017,17.763241
7/26/2017,17.576599
7/27/2017,17.72571
7/28/2017,17.767731
7/31/2017,17.80965
8/1/2017,17.880501
8/2/2017,17.828569
8/3/2017,17.853991
8/4/2017,17.88521
8/7/2017,17.925699
8/8/2017,17.860559
8/9/2017,17.95096
8/10/2017,17.974701
8/11/2017,17.811399
8/14/2017,17.774611
8/15/2017,17.805201
8/16/2017,17.66577
8/17/2017,17.893499
8/18/2017,17.69471
8/21/2017,17.659809
8/22/2017,17.655121
8/23/2017,17.6835
8/24/2017,17.6987
8/25/2017,17.59952
8/28/2017,17.9228
8/29/2017,17.851789
8/30/2017,17.73657
8/31/2017,17.8773
9/1/2017,17.809071
9/4/2017,17.880751
9/5/2017,17.88582
9/6/2017,17.764999
9/7/2017,17.65139
9/8/2017,17.707541
9/11/2017,17.66725
9/12/2017,17.72504
9/13/2017,17.76166
9/14/2017,17.66876
9/15/2017,17.655069
9/18/2017,17.738701
9/19/2017,17.81599
9/20/2017,17.7974
9/21/2017,17.874689
9/22/2017,17.737129
9/25/2017,17.906601
9/26/2017,17.9484
9/27/2017,18.2211
9/28/2017,18.144899
9/29/2017,18.1264
10/2/2017,18.24515
10/3/2017,18.211109
10/4/2017,18.2642
10/5/2017,18.4778
10/6/2017,18.4778
10/9/2017,18.665689
10/10/2017,18.81238
10/11/2017,18.69142
10/12/2017,18.87998
10/13/2017,18.9
10/16/2017,19.04295
10/17/2017,18.793949
10/18/2017,18.88134
10/19/2017,18.798901
10/20/2017,18.98094
10/23/2017,19.062599
10/24/2017,19.234051
10/25/2017,19.095539
10/26/2017,19.1786
10/27/2017,19.125
10/30/2017,19.22628
10/31/2017,19.17115
11/1/2017,19.11529
11/2/2017,18.98225
11/3/2017,19.201771
11/6/2017,19.04645
11/7/2017,19.133499
11/8/2017,19.090401
11/9/2017,19.025551
11/10/2017,19.10148
11/13/2017,19.107
11/14/2017,19.15749
11/15/2017,19.23595
11/16/2017,19.047951
11/17/2017,18.90188
11/20/2017,18.993851
11/21/2017,18.8015
11/22/2017,18.6271
11/23/2017,18.6112
11/24/2017,18.53661
11/27/2017,18.562799
11/28/2017,18.53355
11/29/2017,18.551001
11/30/2017,18.64817
12/1/2017,18.611719
12/4/2017,18.610451
12/5/2017,18.770149
12/6/2017,18.8512
12/7/2017,18.952499
12/8/2017,18.90797
12/11/2017,19.05345
12/12/2017,19.1696
12/13/2017,19.01265
12/14/2017,19.11339
12/15/2017,19.1028
12/18/2017,19.05751
12/19/2017,19.219351
12/20/2017,19.223989
12/21/2017,19.468691
12/22/2017,19.735889
12/25/2017,19.740999
12/26/2017,19.875179
12/27/2017,19.7075
12/28/2017,19.695601
12/29/2017,19.65539
1/1/2018,19.65085
1/2/2018,19.4974
1/3/2018,19.351101
1/4/2018,19.306971
1/5/2018,19.174
1/8/2018,19.19212
1/9/2018,19.24468
1/10/2018,19.263
1/11/2018,19.21537
1/12/2018,19.033001
1/15/2018,18.858709
1/16/2018,18.752501
1/17/2018,18.71685
1/18/2018,18.586901
1/19/2018,18.620541
1/22/2018,18.707781
1/23/2018,18.6733
1/24/2018,18.53503
1/25/2018,18.60948
1/26/2018,18.4765
1/29/2018,18.597799
1/30/2018,18.76598
1/31/2018,18.587099
2/1/2018,18.33301
2/2/2018,18.576599
2/5/2018,18.815929
2/6/2018,18.6213
2/7/2018,18.778
2/8/2018,18.869101
2/9/2018,18.689699
2/12/2018,18.5881
2/13/2018,18.6343
2/14/2018,18.555099
2/15/2018,18.50272
2/16/2018,18.5051
2/19/2018,18.5173
2/20/2018,18.7034
2/21/2018,18.8381
2/22/2018,18.603901
2/23/2018,18.5201
2/26/2018,18.663799
2/27/2018,18.829
2/28/2018,18.8251
3/1/2018,18.84297
3/2/2018,18.80831
3/5/2018,18.784651
3/6/2018,18.849951
3/7/2018,18.698299
3/8/2018,18.625
3/9/2018,18.601
3/12/2018,18.575899
3/13/2018,18.599581
3/14/2018,18.5725
3/15/2018,18.6873
3/16/2018,18.674601
3/19/2018,18.6973
3/20/2018,18.7439
3/21/2018,18.44355
3/22/2018,18.673941
3/23/2018,18.510099
3/26/2018,18.32774
3/27/2018,18.38052
3/28/2018,18.32155
3/29/2018,18.1682
3/30/2018,18.16684
4/2/2018,18.2255
4/3/2018,18.223261
4/4/2018,18.223261
4/5/2018,18.099001
4/6/2018,18.218201
4/9/2018,18.30344
4/10/2018,18.3312
4/11/2018,18.2386
4/12/2018,18.1936
4/13/2018,18.1712
4/16/2018,18.05303
4/17/2018,17.991899
4/18/2018,18.024401
4/19/2018,18.07585
4/20/2018,18.44693
4/23/2018,18.5201
4/24/2018,18.926701
4/25/2018,18.81163
4/26/2018,18.8465
4/27/2018,18.758301
4/30/2018,18.636999
5/1/2018,18.6971
5/2/2018,18.935499
5/3/2018,19.090799
5/4/2018,19.0459
5/7/2018,19.254499
5/8/2018,19.4251
5/9/2018,19.548599
5/10/2018,19.5672
5/11/2018,19.2369
5/14/2018,19.3424
5/15/2018,19.576599
5/16/2018,19.669399
5/17/2018,19.562599
5/18/2018,19.748699
5/21/2018,19.889851
5/22/2018,19.823601
5/23/2018,19.76244
5/24/2018,19.634399
5/25/2018,19.566401
5/28/2018,19.533051
5/29/2018,19.58605
5/30/2018,19.839849
5/31/2018,19.7752
6/1/2018,19.9035
6/4/2018,19.942419
6/5/2018,20.063311
6/6/2018,20.3939
6/7/2018,20.2936
6/8/2018,20.4177
6/11/2018,20.3258
6/12/2018,20.561501
6/13/2018,20.6922
6/14/2018,20.654301
6/15/2018,20.8386
6/18/2018,20.682819
6/19/2018,20.5497
6/20/2018,20.510401
6/21/2018,20.359501
6/22/2018,20.310301
6/25/2018,20.0305
6/26/2018,19.9058
6/27/2018,19.92259
6/28/2018,20.154751
6/29/2018,19.7293
7/2/2018,19.7943
7/3/2018,19.964001
7/4/2018,19.493299
7/5/2018,19.423901
7/6/2018,19.252529
7/9/2018,19.0611
7/10/2018,19.1777
7/11/2018,19.0119
7/12/2018,19.058599
7/13/2018,18.96969
7/16/2018,18.90201
7/17/2018,18.833
7/18/2018,18.8848
7/19/2018,18.8894
7/20/2018,19.03553
7/23/2018,19.021061
7/24/2018,18.902399
7/25/2018,18.8547
7/26/2018,18.655199
7/27/2018,18.632401
7/30/2018,18.606701
7/31/2018,18.530581
8/1/2018,18.66489
8/2/2018,18.590099
8/3/2018,18.634001
8/6/2018,18.568649
8/7/2018,18.52659
8/8/2018,18.4433
8/9/2018,18.4576
8/10/2018,18.7215
8/13/2018,19.067699
8/14/2018,19.130699
8/15/2018,18.879801
8/16/2018,19.184
8/17/2018,19.0075
8/20/2018,18.878201
8/21/2018,19.00354
8/22/2018,18.943769
8/23/2018,18.767349
8/24/2018,19.006201
8/27/2018,18.767599
8/28/2018,18.80015
8/29/2018,19.06595
8/30/2018,18.9263
8/31/2018,19.09984
9/3/2018,19.096901
9/4/2018,19.184601
9/5/2018,19.368099
9/6/2018,19.336901
9/7/2018,19.232531
9/10/2018,19.3139
9/11/2018,19.265699
9/12/2018,19.20182
9/13/2018,19.0271
9/14/2018,18.830099
9/17/2018,18.875
9/18/2018,18.91954
9/19/2018,18.7883
9/20/2018,18.755699
9/21/2018,18.835899
9/24/2018,18.84417
9/25/2018,18.96587
9/26/2018,18.9753
9/27/2018,18.84898
9/28/2018,18.7866
10/1/2018,18.674419
10/2/2018,18.707899
10/3/2018,18.7871
10/4/2018,19.032499
10/5/2018,19.1031
10/8/2018,18.76519
10/9/2018,18.943359
10/10/2018,18.991659
10/11/2018,19.163771
10/12/2018,18.975969
10/15/2018,18.867001
10/16/2018,18.820101
10/17/2018,18.75209
10/18/2018,18.865601
10/19/2018,19.140499
10/22/2018,19.280199
10/23/2018,19.3925
10/24/2018,19.288971
10/25/2018,19.59757
10/26/2018,19.48177
10/29/2018,19.369801
10/30/2018,20.0529
10/31/2018,20.0616
11/1/2018,20.31509
11/2/2018,20.1618
11/5/2018,20.0105
11/6/2018,19.868601
11/7/2018,19.7066
11/8/2018,19.860399
11/9/2018,20.164301
11/12/2018,20.101101
11/13/2018,20.352819
11/14/2018,20.4555
11/15/2018,20.3887
11/16/2018,20.24659
11/19/2018,20.1399
11/20/2018,20.367901
11/21/2018,20.367399
11/22/2018,20.243799
11/23/2018,20.2915
11/26/2018,20.4042
11/27/2018,20.5937
11/28/2018,20.4554
11/29/2018,20.2736
11/30/2018,20.2248
12/3/2018,20.1607
12/4/2018,20.33415
12/5/2018,20.499399
12/6/2018,20.5082
12/7/2018,20.333599
12/10/2018,20.2742
12/11/2018,20.3151
12/12/2018,20.179319
12/13/2018,20.051901
12/14/2018,20.272699
12/17/2018,20.1401
12/18/2018,20.0697
12/19/2018,20.05624
12/20/2018,20.085199
12/21/2018,19.868151
12/24/2018,19.920771
12/25/2018,19.860399
12/26/2018,19.957729
12/27/2018,19.893299
12/28/2018,19.6824
12/31/2018,19.64537
1/1/2019,19.633699
1/2/2019,19.6283
1/3/2019,19.6077
1/4/2019,19.6045
1/7/2019,19.381901
1/8/2019,19.36462
1/9/2019,19.3279
1/10/2019,19.2059
1/11/2019,19.130751
1/14/2019,19.138901
1/15/2019,18.9736
1/16/2019,18.971519
1/17/2019,18.8811
1/18/2019,18.995399
1/21/2019,19.088699
1/22/2019,19.1472
1/23/2019,19.152399
1/24/2019,19.022499
1/25/2019,19.0133
1/28/2019,18.98885
1/29/2019,19.03755
1/30/2019,19.09086
1/31/2019,19.10528
2/1/2019,19.0931
2/4/2019,19.087
2/5/2019,19.0951
2/6/2019,19.024401
2/7/2019,19.1092
2/8/2019,19.074181
2/11/2019,19.072371
2/12/2019,19.288401
2/13/2019,19.242701
2/14/2019,19.413799
2/15/2019,19.258459
2/18/2019,19.261129
2/19/2019,19.2432
2/20/2019,19.1411
2/21/2019,19.21817
2/22/2019,19.2742
2/25/2019,19.128599
2/26/2019,19.121
2/27/2019,19.185011
2/28/2019,19.16449
3/1/2019,19.262699
3/4/2019,19.2652
3/5/2019,19.293421
3/6/2019,19.257401
3/7/2019,19.349199
3/8/2019,19.552799
3/11/2019,19.4832
3/12/2019,19.39127
3/13/2019,19.3304
3/14/2019,19.290051
3/15/2019,19.298599
3/18/2019,19.2034
3/19/2019,19.056379
3/20/2019,18.994499
3/21/2019,18.799
3/22/2019,18.85
3/25/2019,19.11665
3/26/2019,19.0156
3/27/2019,19.0881
3/28/2019,19.36385
3/29/2019,19.345301
4/1/2019,19.329399
4/2/2019,19.1593
4/3/2019,19.216101
4/4/2019,19.21767
4/5/2019,19.146799
4/8/2019,19.0613
4/9/2019,18.9839
4/10/2019,18.91382
4/11/2019,18.8064
4/12/2019,18.8169
4/15/2019,18.75758
4/16/2019,18.859301
4/17/2019,18.865801
4/18/2019,18.802
4/19/2019,18.7871
4/22/2019,18.7677
4/23/2019,18.826099
4/24/2019,18.9034
4/25/2019,19.0683
4/26/2019,19.02268
4/29/2019,18.9286
4/30/2019,18.9984
5/1/2019,18.93815
5/2/2019,18.9827
5/3/2019,19.113199
5/6/2019,19.057899
5/7/2019,18.992599
5/8/2019,19.03994
5/9/2019,19.0707
5/10/2019,19.225519
5/13/2019,19.1229
5/14/2019,19.206699
5/15/2019,19.1434
5/16/2019,19.060801
5/17/2019,19.099199
5/20/2019,19.1306
5/21/2019,19.046301
5/22/2019,null
5/23/2019,18.9828
5/24/2019,19.0308
5/27/2019,19.04311
5/28/2019,19.052999
5/29/2019,19.18321
5/30/2019,19.135481
5/31/2019,19.52504
6/3/2019,19.614799
6/4/2019,19.80331
6/5/2019,19.566851
6/6/2019,19.749241
6/7/2019,19.67428
6/10/2019,19.2791
6/11/2019,19.204439
6/12/2019,19.1061
6/13/2019,19.1598
6/14/2019,19.181101
6/17/2019,19.131399
6/18/2019,19.166201
6/19/2019,19.122841
6/20/2019,19.007401
6/21/2019,18.988899
6/24/2019,19.09907
6/25/2019,19.194901
6/26/2019,19.218
6/27/2019,19.1367
6/28/2019,19.17285
7/1/2019,19.136999
7/2/2019,19.099899
7/3/2019,19.044001
7/4/2019,19.003799
7/5/2019,19.003839
7/8/2019,18.9949
7/9/2019,18.93329
7/10/2019,19.16046
7/11/2019,19.1285
7/12/2019,19.067289
7/15/2019,18.987591
7/16/2019,18.966
7/17/2019,19.0896
7/18/2019,19.057899
7/19/2019,18.956699
7/22/2019,19.0126
7/23/2019,19.0392
7/24/2019,19.1684
7/25/2019,19.058399
7/26/2019,19.026199
7/29/2019,19.03096
7/30/2019,19.0467
7/31/2019,19.055401
8/1/2019,19.136499
8/2/2019,19.2103
8/5/2019,19.33843
8/6/2019,19.6803
8/7/2019,19.595869
8/8/2019,19.632299
8/9/2019,19.42765
8/12/2019,19.4256
8/13/2019,19.584499
8/14/2019,19.37874
8/15/2019,19.654659
8/16/2019,19.5986
8/19/2019,19.622299
8/20/2019,19.8731
8/21/2019,19.7505
8/22/2019,19.6719
8/23/2019,19.7997
8/26/2019,20.004299
8/27/2019,19.9359
8/28/2019,19.974001
8/29/2019,20.1394
8/30/2019,20.1208
9/2/2019,20.0938
9/3/2019,20.124451
9/4/2019,19.960699
9/5/2019,19.685699
9/6/2019,19.7057
9/9/2019,19.54114
9/10/2019,19.5555
9/11/2019,19.492001
9/12/2019,19.499399
9/13/2019,19.428499
9/16/2019,19.3981
9/17/2019,19.4224
9/18/2019,19.3528
9/19/2019,19.3967
9/20/2019,19.429199
9/23/2019,19.4189
9/24/2019,19.476
9/25/2019,19.435699
9/26/2019,19.566999
9/27/2019,19.65703
9/30/2019,19.678699
10/1/2019,19.734819
10/2/2019,19.803801
10/3/2019,19.783701
10/4/2019,19.653049
10/7/2019,19.5208
10/8/2019,19.5709
10/9/2019,19.6252
10/10/2019,19.5849
10/11/2019,19.4347
10/14/2019,19.3081
10/15/2019,19.26935
10/16/2019,19.23065
10/17/2019,19.194901
10/18/2019,19.1798
10/21/2019,19.117701
10/22/2019,19.121799
10/23/2019,19.14069
10/24/2019,19.101601
10/25/2019,19.117901
10/28/2019,19.039301
10/29/2019,19.110201
10/30/2019,19.107201
10/31/2019,19.09292
11/1/2019,19.2388
11/4/2019,19.084999
11/5/2019,19.1679
11/6/2019,19.1868
11/7/2019,19.1507
11/8/2019,19.121599
11/11/2019,19.109501
11/12/2019,19.1115
11/13/2019,19.2987
11/14/2019,19.365219
11/15/2019,19.3127
11/18/2019,19.198799
11/19/2019,19.31719
11/20/2019,19.35854
11/21/2019,19.4697
11/22/2019,19.38685
11/25/2019,19.344999
11/26/2019,19.44515
11/27/2019,19.507299
11/28/2019,19.554649
11/29/2019,19.491449
12/2/2019,19.53595
12/3/2019,19.573999
12/4/2019,19.5495
12/5/2019,19.431101
12/6/2019,19.363001
12/9/2019,19.254749
12/10/2019,19.23
12/11/2019,19.249901
12/12/2019,19.101299
12/13/2019,18.982
12/16/2019,19.034201
12/17/2019,18.93619
12/18/2019,18.917549
12/19/2019,18.9755
12/20/2019,18.909
12/23/2019,18.941299
12/24/2019,18.9345
12/25/2019,18.9627
12/26/2019,18.952101
12/27/2019,18.928499
12/30/2019,18.8279
12/31/2019,18.9177
1/1/2020,18.9174
1/2/2020,18.8988
1/3/2020,18.830299
1/6/2020,18.944759
1/7/2020,18.84145
1/8/2020,18.964199
1/9/2020,18.813999
1/10/2020,18.834801
1/13/2020,18.797621
1/14/2020,18.7901
1/15/2020,18.7938
1/16/2020,18.7827
1/17/2020,18.763
1/20/2020,18.6563
1/21/2020,18.6537
1/22/2020,18.759399
1/23/2020,18.700411
1/24/2020,18.749201
1/27/2020,18.862499
1/28/2020,18.892
1/29/2020,18.724051
1/30/2020,18.6819
1/31/2020,18.7808
2/3/2020,18.866409
2/4/2020,18.8144
2/5/2020,18.671289
2/6/2020,18.587601
2/7/2020,18.6397
2/10/2020,18.800249
2/11/2020,18.7027
2/12/2020,18.642
2/13/2020,18.6404
2/14/2020,18.5951
2/17/2020,18.542999
2/18/2020,18.549999
2/19/2020,18.588949
2/20/2020,18.5501
2/21/2020,18.847401
2/24/2020,19.00771
2/25/2020,19.0366
2/26/2020,19.059999
2/27/2020,19.286619
2/28/2020,19.458969
3/2/2020,19.823099
3/3/2020,19.405001
3/4/2020,19.431601
3/5/2020,19.5172
3/6/2020,19.814501
3/9/2020,21.057501
3/10/2020,20.812229
3/11/2020,20.7894
3/12/2020,21.416599
3/13/2020,21.967199
3/16/2020,21.808611
3/17/2020,22.60099
3/18/2020,22.9606
3/19/2020,23.649719
3/20/2020,24.045771
3/23/2020,24.74621
3/24/2020,25.336201
3/25/2020,24.7687
3/26/2020,24.008101
3/27/2020,23.237101
3/30/2020,23.594601
3/31/2020,23.833
4/1/2020,23.750999
4/2/2020,24.21553
4/3/2020,24.2353
4/6/2020,25.261999
4/7/2020,24.5424
4/8/2020,24.31159
4/9/2020,23.984501
4/10/2020,23.676399
4/13/2020,23.4468
4/14/2020,23.585199
4/15/2020,23.362
4/16/2020,24.239201
4/17/2020,23.760201
4/20/2020,24.026649
4/21/2020,24.010719
4/22/2020,24.368601
4/23/2020,24.4793
4/24/2020,24.76655
4/27/2020,24.9858
4/28/2020,24.749701
4/29/2020,24.2836
4/30/2020,23.742001
5/1/2020,24.2143
5/4/2020,24.83449
5/5/2020,24.0902
5/6/2020,23.973499
5/7/2020,24.4275
5/8/2020,24.02206
5/11/2020,23.625099
5/12/2020,23.92009
5/13/2020,24.363279
5/14/2020,24.185699
5/15/2020,23.851299
5/18/2020,23.93401
5/19/2020,23.7313
5/20/2020,23.665359
5/21/2020,23.195499
5/22/2020,22.87018
5/25/2020,22.66379
5/26/2020,22.5455
5/27/2020,22.212
5/28/2020,22.31138
5/29/2020,22.1989
6/1/2020,22.182301
6/2/2020,22.0424
6/3/2020,21.723801
6/4/2020,21.7208
6/5/2020,21.902479
6/8/2020,21.474899
6/9/2020,21.473
6/10/2020,21.88743
6/11/2020,21.97698
6/12/2020,22.85466
6/15/2020,22.488541
6/16/2020,22.15546
6/17/2020,22.26922
6/18/2020,22.3414
6/19/2020,22.676399
6/22/2020,22.6415
6/23/2020,22.399099
6/24/2020,22.389151
6/25/2020,22.790279
6/26/2020,22.679399
6/29/2020,23.054701
6/30/2020,23.05657
7/1/2020,23.004499
7/2/2020,22.711599
7/3/2020,22.477819
7/6/2020,22.38545
7/7/2020,22.311001
7/8/2020,22.7927
7/9/2020,22.671801
7/10/2020,22.6026
7/13/2020,22.4884
7/14/2020,22.709801
7/15/2020,22.396
7/16/2020,22.318199
7/17/2020,22.41168
7/20/2020,22.49247
7/21/2020,22.488541
7/22/2020,22.296801
7/23/2020,22.370171
7/24/2020,22.478201
7/27/2020,22.287201
7/28/2020,21.9361
7/29/2020,21.933399
7/30/2020,21.9725
7/31/2020,21.995399
8/3/2020,22.260599
8/4/2020,22.6257
8/5/2020,22.628401
8/6/2020,22.371639
8/7/2020,22.402849
8/10/2020,22.404619
8/11/2020,22.4571
8/12/2020,22.4114
8/13/2020,22.3409
8/14/2020,22.1539
8/17/2020,21.9335
8/18/2020,22.1422
8/19/2020,22.1313
8/20/2020,22.174789
8/21/2020,22.088301
8/24/2020,21.959669
8/25/2020,21.973
8/26/2020,21.894699
8/27/2020,21.93087
8/28/2020,22.1329
8/31/2020,21.749901
9/1/2020,21.91255
9/2/2020,21.7453
9/3/2020,21.7269
9/4/2020,21.6987
9/7/2020,21.55295
9/8/2020,21.5942
9/9/2020,21.872419
9/10/2020,21.386999
9/11/2020,21.436649
9/14/2020,21.2675
9/15/2020,21.0648
9/16/2020,21.142
9/17/2020,20.97916
9/18/2020,20.8927
9/21/2020,21.111759
9/22/2020,21.344839
9/23/2020,21.6745
9/24/2020,22.3904
9/25/2020,22.138439
9/28/2020,22.30937
9/29/2020,22.3491
9/30/2020,22.373501
10/1/2020,22.0816
10/2/2020,21.84473
10/5/2020,21.594999
10/6/2020,21.363251
10/7/2020,21.688231
10/8/2020,21.4498
10/9/2020,21.355869
10/12/2020,21.14859
10/13/2020,21.1989
10/14/2020,21.333481
10/15/2020,21.32617
10/16/2020,21.2841
10/19/2020,21.0888
10/20/2020,21.207251
10/21/2020,21.0926
10/22/2020,21.149269
10/23/2020,20.954201
10/26/2020,20.902439
10/27/2020,20.963791
10/28/2020,21.0193
10/29/2020,21.2356
10/30/2020,21.3456
11/2/2020,21.27445
11/3/2020,21.37195
11/4/2020,21.035709
11/5/2020,20.934401
11/6/2020,20.755501
11/9/2020,20.520361
11/10/2020,20.3353
11/11/2020,20.3221
11/12/2020,20.4643
11/13/2020,20.603251
11/16/2020,20.34474
11/17/2020,20.259951
11/18/2020,20.27949
11/19/2020,20.312679
11/20/2020,20.2334
11/23/2020,20.08672
11/24/2020,20.101549
11/25/2020,20.02512
11/26/2020,19.9576
11/27/2020,20.0291
11/30/2020,20.038071
12/1/2020,20.1616
12/2/2020,20.028749
12/3/2020,19.992399
12/4/2020,19.8992
12/7/2020,19.781
12/8/2020,19.89102
12/9/2020,19.775999
12/10/2020,19.87612
12/11/2020,19.9907
12/14/2020,20.077801
12/15/2020,20.228239
12/16/2020,19.92828
12/17/2020,19.871241
12/18/2020,19.821501
12/21/2020,20.093941
12/22/2020,19.982401
12/23/2020,20.1038
12/24/2020,20.048901
12/25/2020,19.868
12/28/2020,19.86968
12/29/2020,20.00625
12/30/2020,19.934999
12/31/2020,19.8909
1/1/2021,19.8745
1/4/2021,19.8475
1/5/2021,19.94245
1/6/2021,19.902201
1/7/2021,19.655769
1/8/2021,20.000099
1/11/2021,20.050489
1/12/2021,20.062401
1/13/2021,19.79443
1/14/2021,19.836349
1/15/2021,19.723351
1/18/2021,19.843519
1/19/2021,19.69565
1/20/2021,19.636
1/21/2021,19.585011
1/22/2021,19.737061
1/25/2021,19.942881
1/26/2021,20.105169
1/27/2021,19.9883
1/28/2021,20.33153
1/29/2021,20.252251
2/1/2021,20.505289
2/2/2021,20.36816
2/3/2021,20.13768
2/4/2021,20.197081
2/5/2021,20.38719
2/8/2021,20.111389
2/9/2021,20.103069
2/10/2021,20.083851
2/11/2021,20.029289
2/12/2021,19.96628
2/15/2021,19.936769
2/16/2021,19.949301
2/17/2021,20.22554
2/18/2021,20.21254
2/19/2021,20.308229
2/22/2021,20.48745
2/23/2021,20.742029
2/24/2021,20.513269
2/25/2021,20.37756
2/26/2021,20.9109
3/1/2021,20.78957
3/2/2021,20.65403
3/3/2021,20.603411
3/4/2021,20.956091
3/5/2021,21.13341
3/8/2021,21.255301
3/9/2021,21.492491
3/10/2021,21.18882
3/11/2021,20.902121
3/12/2021,20.615
3/15/2021,20.71158
3/16/2021,20.666691
3/17/2021,20.5993
3/18/2021,20.36277
3/19/2021,20.4839
3/22/2021,20.660801
3/23/2021,20.57539
3/24/2021,20.807911
3/25/2021,20.882999
3/26/2021,20.683029
3/29/2021,20.63253
3/30/2021,20.60738
3/31/2021,20.576
4/1/2021,20.4291
4/2/2021,20.291389
4/5/2021,20.30522
4/6/2021,20.305731
4/7/2021,20.174459
4/8/2021,20.2113
4/9/2021,20.09894
4/12/2021,20.16041
4/13/2021,20.14443
4/14/2021,20.067499
4/15/2021,20.08606
4/16/2021,19.9359
4/19/2021,19.918301
4/20/2021,19.81345
4/21/2021,19.947001
4/22/2021,19.8866
4/23/2021,19.933001
4/26/2021,19.852539
4/27/2021,19.858601
4/28/2021,20.0326
4/29/2021,19.89167
4/30/2021,20.0243
5/3/2021,20.195801
5/4/2021,20.187799
5/5/2021,20.193899
5/6/2021,20.251169
5/7/2021,20.0851
5/10/2021,19.892401
5/11/2021,19.912951
5/12/2021,19.96369
5/13/2021,20.142
5/14/2021,19.950399
5/17/2021,19.870399
5/18/2021,19.761299
5/19/2021,19.847879
5/20/2021,19.933001
5/21/2021,19.8888
5/24/2021,19.937349
5/25/2021,19.874001
5/26/2021,19.9058
5/27/2021,19.8708
5/28/2021,19.951851
5/31/2021,19.9261
6/1/2021,19.9175
6/2/2021,19.961201
6/3/2021,19.8948
6/4/2021,20.1404
6/7/2021,19.943899
6/8/2021,19.822399
6/9/2021,19.70208
6/10/2021,19.73028
6/11/2021,19.703199
6/14/2021,19.870899
6/15/2021,19.9431
6/16/2021,20.021299
6/17/2021,20.397881
6/18/2021,20.4107
6/21/2021,20.622
6/22/2021,20.50585
6/23/2021,20.3393
6/24/2021,20.195869
6/25/2021,19.846901
6/28/2021,19.808201
6/29/2021,19.817169
6/30/2021,19.803101
7/1/2021,19.934429
7/2/2021,20.010099
7/5/2021,19.798109
7/6/2021,19.8249
7/7/2021,20.01166
7/8/2021,19.950399
7/9/2021,19.9811
7/12/2021,19.860701
7/13/2021,19.8274
7/14/2021,20.0422
7/15/2021,19.900949
7/16/2021,19.92939
7/19/2021,19.9042
7/20/2021,20.038099
7/21/2021,20.136049
7/22/2021,20.147141
7/23/2021,20.102751
7/26/2021,20.0583
7/27/2021,20.0243
7/28/2021,19.9541
7/29/2021,19.913799
7/30/2021,19.8514
8/2/2021,19.8657
8/3/2021,19.901699
8/4/2021,19.8626
8/5/2021,19.9604
8/6/2021,19.928261
8/9/2021,20.069799
8/10/2021,20.06987
8/11/2021,20.070499
8/12/2021,19.929501
8/13/2021,19.95138
8/16/2021,19.8577
8/17/2021,19.8801
8/18/2021,19.997549
8/19/2021,20.03904
8/20/2021,20.1672
8/23/2021,20.3815
8/24/2021,20.317949
8/25/2021,20.2061
8/26/2021,20.216101
8/27/2021,20.366501
8/30/2021,20.164301
8/31/2021,20.13925
9/1/2021,20.059601
9/2/2021,19.997749
9/3/2021,19.962351
9/6/2021,19.909
9/7/2021,19.8881
9/8/2021,19.927799
9/9/2021,19.9275
9/10/2021,19.9216
9/13/2021,19.865499
9/14/2021,19.862
9/15/2021,19.897301
9/16/2021,19.8445
9/17/2021,19.94055
9/20/2021,20.018499
9/21/2021,20.11894
9/22/2021,20.1287
9/23/2021,20.08676
9/24/2021,20.0529
9/27/2021,20.053499
9/28/2021,20.0895
9/29/2021,20.329769
9/30/2021,20.501101
10/1/2021,20.6154
10/4/2021,20.4182
10/5/2021,20.5016
10/6/2021,20.5702
10/7/2021,20.557501
10/8/2021,20.654131
10/11/2021,20.72315
10/12/2021,20.847
10/13/2021,20.780001
10/14/2021,20.553699
10/15/2021,20.5418
10/18/2021,20.347
10/19/2021,20.397499
10/20/2021,20.222099
10/21/2021,20.2215
10/22/2021,20.2932
10/25/2021,20.1889
10/26/2021,20.1705
10/27/2021,20.196911
10/28/2021,20.3048
10/29/2021,20.378401
11/1/2021,20.5527
11/2/2021,20.8396
11/3/2021,20.7803
11/4/2021,20.5317
11/5/2021,20.5459
11/8/2021,20.372801
11/9/2021,20.332951
11/10/2021,20.319151
11/11/2021,20.6064
11/12/2021,20.636431
11/15/2021,20.524191
11/16/2021,20.594801
11/17/2021,20.753799
11/18/2021,20.645399
11/19/2021,20.759501
11/22/2021,20.86084
11/23/2021,20.9937
11/24/2021,21.265499
11/25/2021,21.4009
11/26/2021,21.6245
11/29/2021,21.729601
11/30/2021,21.680799
12/1/2021,21.4118
12/2/2021,21.471569
12/3/2021,21.30854
12/6/2021,21.221001
12/7/2021,21.2237
12/8/2021,21.0282
12/9/2021,20.9258
12/10/2021,20.950701
12/13/2021,20.876301
12/14/2021,20.993601
12/15/2021,21.218901
12/16/2021,21.033199
12/17/2021,20.819401
12/20/2021,20.8293
12/21/2021,20.7554
12/22/2021,20.8225
12/23/2021,20.7104
12/24/2021,20.628099
12/27/2021,20.607201
12/28/2021,20.683599
12/29/2021,20.662201
12/30/2021,20.558001
12/31/2021,20.459101
